-23.722126361646204,-15.43324518767341,-19.20163034788837,6.177874694893161,15.58896853640655,9.816677341362613,2.4378051523359434,-19.5827706876034,-15.618779836230685
2.4943654979554855,3.3958925169297616,4.459032164474612,1.9327091749201464,0.32273960133422114,4.707385796258624,4.6323179122213585,2.955384306243318,-0.41730499889558487,2.865885182481932,-0.45032572946423916,2.740029944739588,1.8850269906913943,0.4801548717405997,-1.0548282565198757,6.5949031567266605,3.5958805599332706,2.1272385239904468,-0.6196993288593424,2.929686594192575,1.462531423190257,3.1572459475728274,1.291481101259808,-0.23939333155662912,-1.1438208265202225,2.732551500425404,2.9396451051525077,0.8906543426103735,5.730259918719049,5.387726436670597,1.475905295142533,-1.5021319863629579,1.3447738970304826,1.4835966639934082,7.10322567630658,-1.0565864941113239,-2.6086159753931955,4.018815721303196,-1.1558021149077877,0.054348715538471724,6.9968023739550915,2.619664447428265,0.1884406154454888,3.6288725528275756,2.579678074956202,0.38888043437759007,3.0485351213709366,-1.1102674886637207,1.3600394778490357,0.005630866775835242,2.462444709261694,0.13027219672855225,0.8239728240855144,6.573051086632875,-1.1011656362175815,-3.141958505439359,3.7637833800385114,-1.4831092119920883,5.461566429162163,1.602916360124761,2.921011042032426,4.495156496355234,2.6576863574750083,1.1595729604652198,4.4934254540129075,6.10271092124748,1.4670212780297824,0.22844098132867818,1.5735100146659495,3.138163503239298,2.943958285603398,5.393243196195686,6.256391756397127,-1.4321646257999587,-1.1067071149398369,1.6091285194598501,8.093904626199537,3.2598887721096648,4.864505327401174,6.963261237713614,6.771016414462691,3.1725323203134925,0.42567335636529363,-0.541034358054742,3.424366256375198,1.849984677508836,-0.5275671645154649,2.842206459970561,2.445297097494494,1.8460341504941107,1.5956518458226399,4.489416313270565,3.486106738702866,-0.6615816701677224,-1.2256112354806212,1.1619519326226084,-1.1967300352094263,-0.15926564327830509,0.426059825920848,3.641673228543755,1.8553822488775515,1.1047019054122802,1.2965824686727954,3.326450246590152,0.2982214938141678,0.37232477097764083,0.7697210507807309,4.862008323900398,3.5350815717527238,5.380709048058615,2.8617333809628676,1.0671484400309068,4.401465874477403,0.3406479094333215,5.0606828403026975,0.6074894307324423,1.4227566783515695,-2.2491143881375835,3.529887468827076,5.176221508440367,-0.7678559673982439,0.2057209992447682,5.584413550083504,3.181155174907498,3.658242241731493,3.663578166108733,0.6979580843750098,2.501003651611386,4.571408812437933,5.87309165021075,3.2111452125804374,2.657856121099132,2.7699866795323085,2.2710565184892424,1.6785398846156383,3.1901756583392458,5.619056010495311,1.6638108261741027,5.1480270515788575,2.7745271874085824,3.258503384343591,0.9741581889163633,6.427489757200106,5.406096675319655,-1.199362062465469,1.4010786217149185,4.035754881707292,0.8688965734914931,0.6447307763522568,2.57919205735058,3.2384238915015935,5.204399898247762,3.9736587886895274,0.3597038542142726,-0.3335852246243318,2.011372612715616,1.9317556427017706,-0.043821045020482376,3.9411280802727195,3.0311437155998013,0.028980871104884596,0.6513568871278578,0.6071906454940635,0.4610124926815627,0.9993547866080029,-1.5296730717163574,0.5328033365264219,-0.5123497772667978,1.812542184483749,2.453975088775803,2.6634868127266182,3.4607033696398535,2.965273215765124,6.807250689092452,-0.012979554088363177,0.45295374004746347,0.596058939304088,2.646653053900516,1.7763379870315292,1.9188016496223905,0.9931856313551914,2.443959881242644,-0.3319090454190808,-0.22885351691866002,3.097456633809523,-1.3183241247974955,0.5710054894381069,3.003463690619677,1.7210868509132127,1.5565138882383363,1.813051286696221,2.5046747914538185,1.3353776394460803,3.6999017227525357,4.093949880872033,1.0565668786525386,3.4382841317254047,-0.3773341229321959,3.1707017540985034,2.722376204538465
546.6750341718633,503.0672804599786,600.1215408744505,593.4795445914943,819.0847058195787,428.33108488306067,775.7816318487248,515.2612646426103,761.7420603001464
0.2881158043160955,0.058408934390853054,0.15678502984882675,0.6278431621142855,0.22670810928690463,0.7202367903909683,-1.1778743837276753,0.9701644855480822,0.5652371993777701,-0.12501689937125984,0.09575203047275045,-6.404717110562789,0.157118009822252,0.009335869328867567,0.5981315027086778,-0.294640049032669,0.3183525284669764,-0.2286915073566864,0.4841924894807857,0.2845739887753858,0.4797686399750116,0.051458727452019966,-0.17796417748004614,-0.3425441140710966,0.2767087689119675,0.7777620429641854,0.13978993883379662,0.024997840863317383,0.2501829665893887,0.9996379347526989,0.804136945736516,-0.0696845915257787,-0.5031088451412261,-0.1134729552085258,-1.1363490875411066,-0.21723126453232852,2.1710628039466764,2.187189778571943,-0.9343482037305486,0.4464923348181015,0.1484417386941252,0.6836871465780844,0.7563178691039527,0.23611097155312566,0.2021056253171401,-0.7266637031873379,-0.0871828070202918,-0.08833542791401817,-1.5799309975429705,0.03763921018544972,0.23425923957482328,6.418926243844657,-0.4749903829370693,-0.5980836478608524,-0.2609965037421595,-0.28346506801349775,-0.49592781579426276,-0.627969371990359,0.35648051742276604,0.34230023885837685,-0.4469838890623954,0.4240439796001057,0.45667159290893733,-0.9793385222376881,0.4412874125532245,0.4157988079317074,0.45052075486518006,-0.5442128383649235,0.3246210991772018,-1.0824964218594861,-0.5365229744974196,0.5657815669421785,-1.398239922080817,-3.021412785231026,-0.7772163260832234,0.024186670906942525,0.6652488996704412,0.9267091431122295,-2.2534302475135193,-0.18589361854170713,-0.3975203777439559,-1.2113449771010172,1.0704683128926828,-0.37779339922940214,0.7001939308491191,0.7008440762783826,0.23601561116390485,-0.42229766987658135,0.5471321121854263,1.189818656609712,-0.08797638685139221,-1.1695525131389712,-0.6541342456809419,0.44757271828850265,0.03177368084931398,-1.2452448864814343,0.18532968252559234,0.5160780004217559,0.40680838740623143,-0.061824258999727405,-0.6713154172733119,-0.49829224905566827,0.4207791094729097,-0.1697096217405962,-0.39969484812982675,-0.5972781221333944,0.6363830734127427,-0.9414556954218714,-0.2989881947037827,0.2868287004095601,0.5110766449793883,7.523815477698425,-0.709662884721944,0.32099067650630464,0.08210232880074811,-0.11728162164090793,0.30019361171051395,-2.043353080143934,0.17552590397392337,5.275621575259296,0.05761164778801271,0.26251722892177975,0.3974215738632463,0.9218905846613875,-0.46057744742211015,0.26642749638485386,-0.1746982808470845,-0.20994844012635178,0.7241762554904112,0.6501361920228856,-0.8498077893159812,-0.6885742198389198,0.32359486837740464,-3.9869116398580036,0.30375346816866144,1.0907166837411504,-3.273829966034529,-0.5764404426264206,0.4956749416916035,-0.41977037757885005,0.1896734036811948,0.0728966093844361,-0.1660458505925288,-2.293956179532002,-0.2796592963055274,0.7299757432995887,0.6039023499309643,0.11317360815436599,5.284478147948453,-0.7818239666361653,0.3703888679157567,0.5870819270413196,0.0705342071358554,-0.29732855268357583,0.34425134944680574,0.5731117709612314,0.02376697400546824,0.06509156796405044,0.2289899727400489,0.22071269321784392,4.707161871100893,0.6790370509483203,-0.20360243549362234,0.20569586982136015,0.14610758163138132,-0.3300825695777122,-0.1501513869647557,-0.48048272739026504,-0.37058692621555134,0.35612359707936186,-1.5802245629024991,0.4133611304477152,0.31064364955302454,0.4070520953748404,-0.0013972814215637386,0.012891693146712487,0.7664911758437114,-4.880455391328198,0.08864938976778186,-0.3524801225406341,0.2336960846977701,0.44857982986354217,-0.450716387455851,-0.1009058207146194,0.49736389396441594,0.1648422114451833,-0.01252892503697071,-0.5391004285861271,-2.1921475144523783,0.3489452231054557,-0.5920457476562779,-0.9473615319492595,-1.3853751868451507,2.3105689652076222,0.842260935167659,0.38744410955849645,-0.16534229044283835,-0.007997555799855461,-0.1757434757093477,0.61866099913553
-0.2970145351069598,0.37498973334309177,0.35572411859077285,0.8344386576374269,0.22808976978636478,-0.18034897666399424,-0.429967525395208,-0.5654275974559431,0.34123191308317025,-0.3664755998707166,-0.03358272965221323,-0.14178193048538107,5.803311561896732,0.04245997025158199,0.4665574601631379,-0.768382844625604,-0.11290327215780464,3.997607626178301,-4.681345799313123,0.712822303218347,0.35231201985684907,-0.3891005193633524,-0.31897342511413856,-0.03914777541007761,0.18624160844357546,0.9688640899022454,0.31285939816160546,-0.12924648186279614,-2.1084958973246684,0.9741180109051804,0.35647048301300727,-0.07598119046243584,-0.2570763606530747,-3.6296659501805295,-1.1503103096802267,-0.7285769359775838,-0.6334240857385041,-0.847572089182534,-0.358169557536823,0.29831596607406574,-0.32220277713168116,0.5675021435093641,-2.6158728843844234,-0.3843131135943217,1.2543131211288339,1.7928274489868965,-0.6667599129442193,-0.3385665748445621,-0.2067804920135426,0.37938173386963014,-3.7426776906611066,-0.3156985716580684,-0.3947996249332867,-1.0047802393723728,-0.33323267934286926,-0.19859240771923276,0.0892331941185064,-0.7174820191520643,0.05262087389588634,0.24416350628752018,0.296157370179491,0.7704223669770207,0.11882917443312221,0.39380115107643704,0.259261307628776,0.1719824034590411,0.11829449079622116,-0.1362805761447799,0.8442233331510018,-0.5016733541494439,-0.4092361260591736,-0.1469175218727983,0.9078691907191345,1.3455634370026073,-0.5182471280262311,-0.5783156786948325,0.4651356989746159,-0.7521651853881077,0.6292643297745456,0.3636999881609401,0.26190588788851643,-0.30404310309091404,0.0783244152372718,-0.7103073672583762,0.463085322061455,-4.047703759734822,0.07654622503161548,-1.0239364740745054,0.31964808869512806,0.3793760805384493,4.066238356074277,0.5733221618933574,-0.21463256537651165,0.36305183450163725,0.3570048405047146,0.8684330046806761,3.575387086834091,0.2200386303872305,0.46663834366930407,2.2206386518942813,-0.5580896305032907,0.6029354248400236,0.2531202927852477,-0.5471137886042832,6.4010195640418734,-2.504408078266666,0.7605571702814353,-0.4862750619081859,0.058261717756451635,-0.11536690671641961,0.25839685043998467,-0.443247951318846,-0.4048472945248428,0.030560656260000058,-0.33239276410477775,-0.22786098448791725,-0.319629810686547,-0.28190012865637815,-0.06292941304813349,-0.5217368158996005,-2.8756569234689833,0.30807371021964086,0.7792918728274499,0.6842191053900458,-0.6293173151120328,0.4952818343015223,-0.40409480339771625,0.4430600989432997,-0.8256052850686445,0.5795139187861832,-0.5661417469273702,-0.23389857923874827,0.15084578495058362,1.0687932554772548,-0.23418665178989115,-0.4522415721231263,0.34391254927392095,2.3746743498989065,0.3563986855028308,-0.2848436829196467,-1.0545386985322485,0.04898564036288785,-0.5301732707541204,0.8532272700233348,-0.6560951745498768,-0.9984693629796424,0.5765867215593109,0.20150778289627397,-0.08161102230595109,-0.6766953367089712,0.2284087934224798,0.27471070808209896,0.08542419157459387,-0.4511694442418898,-0.14212167617338767,0.41453318116625226,-0.6781919987988271,-0.02549908179001198,0.03725624901584355,0.06267448900122012,-0.046876738374646065,-5.982381300237519,-0.47815231697690114,0.7438815621759766,-0.12365704231034498,-0.29569633739774415,0.13163588290351616,-0.3059131865868179,-0.12402588362695029,0.20869214060905283,0.16617420412435255,0.17205583160530358,-0.14512774526735198,0.6900771761403396,-0.17903512666261867,0.10688119086986095,0.6606105477050567,0.6330038992503894,-0.1216710310840988,1.4915657525185422,0.4692231166887966,0.3673035433807382,-1.6966402267631517,0.19177205200507375,-4.483401424183922,0.32660207771510724,-0.04940330467453068,-1.1662341561327911,0.054870869769050236,0.47822811641603136,0.2554052526576865,-0.13889600943318867,-0.1035220532929665,-0.12159270033081133,0.5765012614987391,-0.36138468613319985,-0.17529699131514645,0.18203387045180067,-0.2849743128577209,-0.0009735734140607107
-0.9829735337481376,2.204960434474392,-0.3921422299733957,0.29424682282463177,0.17865818317873794,0.31022918857746773,-0.01152858609003085,-0.08809021425300977,0.6698420795373036,-0.15274784874719394,-0.15708985575398032,0.6627371637858547,-0.0016676093914628428,0.1674244293355181,0.19591623007117806,-0.6804522508992185,-0.35122904719069853,-0.36841740768331255,0.13057201910915597,-0.5855204356596991,0.28334103834341595,2.099320476436441,-0.9014048682420654,-0.0861844245110834,-0.36639228374888183,0.9251736281440287,0.15337543279657612,-0.49146029824929255,0.44667032341136775,0.6740834443942273,0.33003574671361685,0.007502700850349173,-0.4019175905704163,0.10637396490810351,-0.13168442391069318,-0.38918809227287837,-0.591726789132828,0.5867159545959332,-0.3383665277833066,0.4239838244413067,-0.4184038203160543,-4.931154122135147,-0.13278643243603572,-0.8533062673261578,0.07150322580399739,-0.5063111929474141,6.607926342096585,-5.466320153317437,-0.30645238749883774,-0.09339776486066581,0.3058366329463106,-0.3454651509341305,-0.29648120874533507,-0.4945312700579907,-0.3290588175114238,-0.15314577509824437,-0.5522151866449384,4.764482069340353,-0.0856723206381122,-0.1466347595457427,0.42632313661251625,-5.4196261954569644,0.6411513564600191,1.4624149513248337,0.07728589618745771,0.7330855173522542,0.5031792650818301,-0.8200204948170092,0.06502691078319041,-1.4993091242878163,-0.3979570307455028,-0.4932455142784154,0.5425357622937447,-0.19668028436862955,-0.38829996869019895,0.17361353847523162,0.912679490073896,-0.04484093171598838,-0.3039927031739047,-0.471507880178477,0.48134075857880365,-0.8608764366834508,-0.1102789027269696,0.723527955966783,0.673387419152899,0.37965984130175845,-2.120528702142704,-0.6168927836863605,-4.67275025478281,0.2618203184920536,-0.35630097093368757,0.8577928439272012,-0.5345554249111484,-0.09864387458041159,0.01615505810935666,0.021403274398936474,-0.11832393929411471,0.11253264906196027,0.5463822215994822,-0.8520400957870049,0.6785889479547269,-1.8907971474210512,0.5623540194492301,-0.48881499382060617,-0.578997202330813,0.20473741058527714,1.1238271202170171,-0.2678392947009498,0.8969245276848697,-2.5981931425167684,0.2694974085665885,-0.6481930366274872,8.8433011506179,0.2936970590211752,0.33411879402978245,-0.059147698311067747,1.0804684486887328,-0.2705298240477432,-0.8737866583799477,-0.4848988174614327,0.341908115535944,0.21120519905589008,0.8796777995638974,0.7637420740420119,-0.46664108630005374,0.3560586338019323,-0.3999816719048294,0.728981391141025,0.166831419381302,0.6088499816788931,-0.686545686994237,-0.5032059343750279,0.6896849703971039,0.33154941053436693,-2.4662248932336537,0.999381533866811,0.2639558919446324,-0.18369620906963338,1.068474809184549,-0.4805603412242335,-0.11099279948739912,-0.08722770691406952,-0.55388729121824,-0.8201584206436353,-0.28784372276828196,-0.4957533406725151,0.6221710502446769,-0.007438812068540094,-0.5207464877032106,-0.3275613053186564,0.3625806197992803,-0.9104068355677195,0.22682379117076135,-0.38657354355727147,-5.153028596632509,0.7155742745299548,-1.7262777116642667,-0.18043609084602333,-2.512571999553411,0.2764893535417954,-0.17287667339750035,0.5107192467074281,-0.12567252968237191,-3.3453143399623086,-0.21013602459847905,-0.09656803008069767,0.23534209254577554,-0.656346750181525,-0.8089395276736199,0.5401091249872952,0.06852647208899028,0.42650150851591534,-0.2123279282637995,0.22371024894402988,0.481382680075512,-0.028507460805900782,0.048929344315065404,0.4799480763927855,0.07148346300657274,-0.5844239249230087,0.37578489307395757,0.5021114644651096,0.5810609508671768,0.11874712158659456,0.7075897828795744,1.5824385593475365,2.431923793561753,0.29221320438326587,0.3505795212694167,0.2984196516560119,0.27675514495724823,0.21041238947960217,-0.5329881349462161,-0.24564037253014143,0.5605045343666957,-0.03291566010375991,-0.33163395301341275,-4.142881740882,-0.15382385425295353,-0.26825338471195537
0.10808558961283199,-0.6573729620726041,-1.7627414238777412,-0.1845082946896724,-0.42309190388173756,0.02207673814311398,0.6725120544796005,-0.2586160925384441,-6.345871483795815,-0.10231256059010017,-0.19207397192570388,0.32232990309211706,-0.04123859401902036,-0.2315192110516189,0.061024260359665856,-0.8309752894426923,-0.03623662396867961,0.17799264844166343,0.15114643283986814,0.3865074192115495,0.28426986395249637,0.20393383299138862,-0.925243090390725,-0.1791074947749902,3.3223779469361068,0.6480915044535505,0.39549189434873666,-0.27954357258633955,0.3449617169997958,1.024238387534062,0.3227789109418985,0.3388560122641234,-0.3467324892482166,-0.15293590249906658,-0.05300519422236007,-0.14393520745811605,0.0083632732721376,-0.714701295785415,-0.6651786455204481,-4.2907061273046825,6.692666885672876,1.028167039113715,0.057902036450959,-0.30169461987695184,-3.1035218401478706,-0.8733104191149592,-0.04579403786612221,-0.15740034539355088,-0.2763950001964729,-0.38239165956328913,0.18914450931147828,-0.3113496705602046,-0.37740425003357786,-0.7426031383485384,-0.2641464297222877,0.021476162088528105,-0.04115611811611817,-0.6999137014562272,-1.0537723573131488,0.48747275672036156,-0.1538375445835197,0.43849450057480743,0.4986602917429374,-1.2378540238648492,0.35571938901715483,0.30496639149521476,0.5068022148375254,-0.1827108144424321,0.1039236069454497,0.7333601622243087,-0.2079591480080359,0.27843145571104755,-1.3778361231741467,-0.11294504316875875,-0.6637101663182908,-1.6045294408904043,0.34698076725587496,-0.7965037568052665,-0.3809699122348996,-0.06213757361459262,0.6583726012057899,3.9639163222166602,-0.07012761806997891,0.07153731494390388,-6.6496392915856495,0.733154288489488,-0.32478999095631406,-0.5459150020433278,0.38774127332256164,-0.903343075703579,-0.4788233597705058,0.042590030357349644,-0.6102830917948677,-0.2596526908579979,-0.09657504647219538,-0.3518968815095601,-0.05397791982084188,1.3639459218748977,0.20551993819257242,-0.3795563588002687,3.7834919085926857,-0.5970413500114657,0.27271998324158164,-0.48249934430542046,-0.2729309979942249,-0.1702707229437164,0.22533413082128637,-0.3239835583949101,-0.6587847649779821,-0.292866212736034,0.4359613694981701,-0.4641364739846939,-0.801696868353264,0.0066615949841389265,-0.8563637699090108,-0.19831521214581524,0.09743369547143349,1.480444795925973,3.188577281678687,-0.4934293461108501,0.5797783480793034,-0.07548735277767751,0.5453811947190064,-7.089270962064362,-0.4841837625669386,0.26511339440682846,4.636722374988865,0.3404893221696831,-0.5483932676578226,0.6609285989055295,-0.8394043232266248,5.270221507998636,-4.158529393426753,0.39530043946139254,0.6213557416139789,-0.8222647232108519,1.21038969678841,-0.40619209475280116,0.07282596908434086,-0.26247248997088274,-0.43457056743290573,0.005732219999779805,-0.5369342386452476,-0.5238301327632972,3.158886911009141,3.1347737813701517,0.7919098854133538,-0.06285976958496553,-0.2903694940243042,-0.15713381212065916,0.10991543207698555,-1.2039279035169534,0.2748652662274947,-0.41398549650920274,0.11938125348458398,0.5446697046048058,-0.4630887733203102,0.04104471264785829,-0.030288334918425485,0.6199679941841227,-0.10892860401810849,0.5525349311703844,-0.18604295132987572,0.22645359371369922,-0.09280620397225986,0.02057139777086053,0.02754131887253272,0.9139511522266334,-0.7032212256165432,-1.421890167237995,-0.4115507971971058,-0.8624017332965717,0.23974911744642852,0.21934183013925349,0.2802158753474626,0.049347364753538084,-0.09149329910062581,0.495284462453044,0.2486256476173953,-1.0414943289756866,0.21530674525200758,0.781257426315439,0.15064430188898725,-0.003148983088771555,0.6741600132812664,-0.1886334120308773,-0.20736013727594935,0.6028992116219769,-0.06627569910245559,0.5078206103973585,3.6077439221477348,-0.2875388275824721,-0.2976755243076485,-0.07771162775432398,0.5677086230318866,0.42051468983777424,0.01968284417169862,-0.039095241782659496,-0.2216810384459229,-2.207199527319754
2.0705265759170794,0.5514300066936895,-0.18426954665425382,-2.4878486025133024,0.20513100659198974,0.16038428568463267,-0.6932688669122512,-0.291091588426805,0.6078221142833256,-0.22371267572408085,0.6258154748261577,0.5354777972226074,0.18732303285516064,-0.02204270305938817,0.19462529286407693,-0.9782711598418614,0.06156885724893545,-0.8418353031011321,0.09768128198160075,-0.0269757476352437,0.08404884169880311,-0.11550213160837941,-0.1322549890069592,-0.07381238223890857,-0.2307138977668265,0.566210508587977,0.19339553695882414,-0.24323094429857697,1.2102854094045803,0.9974266231013117,-0.0018486723834050956,0.046777227377083085,-0.31330207967366375,0.005111297391228088,2.2752002614470683,-0.7311546422449213,-0.08231597568244753,-0.7691389206730154,-0.548559819125109,0.21733153986237133,-0.7491209973586663,0.9005956847792271,0.6100823138608495,-1.13682426317213,0.35968895344726304,-0.39142402708849655,-0.18325274873203695,-0.10648432270043415,-0.44474045864538225,0.05406376364990596,0.01861109245615852,-0.24883590480199527,-0.55133151123779,-0.6003090506036163,-0.3650694222861888,-0.14678892684256228,-0.440559579884886,-0.7021289237892848,2.4881756191570044,0.17772484141465006,-0.030353431808931044,0.23054682370635002,-5.236275335378402,-0.2063791803614713,0.6523528033737028,0.12226241919838249,0.43162730551260925,0.748978107111012,0.27494119862071864,-0.24291123201737494,-0.4411886638729054,-2.5011562451973046,0.6412767492463521,-0.25115467002948966,3.901369793624235,-0.2726774387441251,-5.3609572953465605,0.5038971342441033,1.0764809665114792,-0.4446008182456585,-0.4732111193868216,-0.3777177433497564,0.02900730179424848,-0.28505040947833177,0.4950785549784234,0.505793146100493,0.3068246262338576,-0.5221185476575037,0.4072136882584651,-0.5220117185352519,-0.25803446366064997,-1.0103110702155016,-0.6265854101239466,-2.5389860801739292,0.3405219608488662,0.21935384991529971,-0.04662708900311487,-0.8948086189386062,0.33594090647694363,-0.39530570833982814,-0.19744644953141785,1.1193572623630506,0.3725274296796987,-0.44768464277300196,-0.33748475110635723,-0.09620775078547511,-2.293979554871917,-0.47273209999141763,-0.4800632127062402,-0.8878285307109625,0.6298348822619506,-0.44908346613335226,-0.5580766602082092,0.04364798138579689,-2.639061546621608,-0.37540676694229724,0.18251191509204653,-0.05919774461811926,0.3702100145580552,-0.5080594124142154,0.42760913890723473,0.14892678082650596,0.6319143044430761,0.7130203498785221,-0.3570208330761441,0.1266362620312165,-0.5632211619777011,0.5163919138758024,0.11134285389537982,0.5048380453649206,6.285937290125692,-0.19935180364663646,0.7853238942671235,0.20486085444149832,-0.2187648497624825,-0.20967507233784458,0.46969960272715244,-0.5716471391561849,1.5603202772074358,3.5177578058956454,0.18638342039380865,1.651640538907785,8.46356911251409,-0.3012344917967479,-0.39594356189442903,-0.03815908051396026,0.5552733802779851,0.034585985152447464,-0.42822905132573863,-0.348965788838032,1.6967713753725189,-0.3121908989050388,0.034546690839123005,-0.5147650086368951,0.2632917672537286,0.45667623050158557,-0.30784590603929995,3.317314994190082,1.2836114680927702,-4.168684719975592,-0.19588758352442748,0.714291346525401,-0.2874634499729169,0.11573292777527217,4.877241434592751,-0.2696335700267525,0.049006497707053835,-0.15836148493032112,-0.26342296024830963,-0.9714708466026736,1.8574199151343884,1.4829633985311765,-1.188084806916321,0.4862918184357252,0.18623752839559876,0.13560747059988146,-0.1360684200603196,0.367861193587334,0.11961953261629976,-0.3830835716589288,-3.3034136041492705,0.42474372154524287,0.32687360361051465,0.011573953244053126,0.8448838430537006,0.6113337630286354,-0.14527742234006885,1.0640926343702666,2.0067433218993074,-4.458511390956864,-0.34004099538679444,-0.38519339642621264,-0.13328527203683932,-0.24147691570875093,-9.140427711176923,0.249215232146386,-0.34636186089094995,-0.1389271537076895,-0.29378444339849613,0.06763870475333802
0.08953536802755697,-0.5376065425994037,-0.6419143278139632,-0.5360208775543726,-0.25696499374897347,-2.293382644591215,-0.2702144903642125,-0.38467004111336267,0.5072890112285054,3.3658316721993287,-2.067769507400061,0.6778620052596462,-0.07438193751750093,-1.5712363844248773,-1.5971565318563636,-0.057639404234487046,-0.29207374931313457,-0.11898543250482363,0.14389255800773115,0.07060010684147236,0.6360548772343948,-1.6541524205172269,1.5767024763085478,-4.978785533332351,-0.22683908580905968,0.377687684835271,0.02004525279326129,4.549848126915182,0.9283428238397642,-5.926530609589083,-3.091692385447693,-5.7746964827209695,-0.5722182095129796,0.030360841888494566,-0.10479088663007408,-0.3418785824311847,-1.2073346301831513,-0.5277976253788835,-0.10585902896553837,0.4630487357548514,-0.4784517034914754,0.5309813183820526,0.1341689841178916,-0.5657042318040315,0.14430011903766235,-0.44754455652276176,-0.013262786668658487,-0.06954404779602084,-0.23384481275442767,2.0781469213982278,0.39966568652180756,-0.28700128240456624,1.7102796888392524,-1.0011202809325697,3.9190644731576563,0.17092673868430525,-0.5506223152689551,-0.518416845402662,-0.18365849760338795,0.3334283531844821,0.504947219728258,0.4785932123847439,0.7803808720454688,-0.3390878603487831,0.062052239691042566,0.6008055998615077,0.5324593065020997,-0.12696627723396925,0.6597897872374973,0.4818054088665691,-0.15807961605932194,0.8234448979356964,0.5231762425193578,-0.6410832222586763,-0.3339199731362089,0.29348462783011803,0.4937222842728527,0.1455207815911627,0.03596190472162508,-0.7006129829727571,0.7166760158135004,-0.23428312970868706,1.1644780105585626,-0.2876623173091605,0.5836199486477321,0.26070510947114606,-0.9129745782447126,-0.6466794617675679,0.4485116737173401,1.7604497976327786,-0.37683660715342604,1.0857668235826836,-0.5495659454977343,0.10316072652732104,-0.04237451663187403,0.049107821460157575,-0.05773983070013858,-0.6028594273699254,0.2621003751129371,-0.540377271207092,-0.020718195987329532,0.7065250593666745,-5.3242787516675065,-0.1898286541485649,-0.30678290792264856,-0.01520489087888819,0.41487604863050104,-0.2709281862217792,1.037031931292781,-0.3761625792929656,0.20668835722633636,-0.7159768326737462,-0.5228900695276163,-0.03375362444296098,-0.22820265563908473,-0.30965006571124504,0.24127108627408764,0.019471461053679293,0.049852727191453804,-0.24714985115135452,0.43954257331274377,-0.13515988993926403,1.0637476665679422,0.6890693456274568,-0.4655973307390308,0.2733822852452823,-0.6539362964195645,-4.240646445036645,-0.3636197737425689,0.36355710513654305,-0.8045413543496037,-0.19804855506165683,0.4735544558123714,0.4199723233958654,0.21344122730967613,0.18205139998486813,0.22161519036099842,-0.39646153172046494,0.09277709945781258,-0.34688646979230076,-0.33318241471393856,0.24242766311194427,-0.40492978343948144,0.9260144063160297,-0.4856618986459755,-0.3262415898084264,0.6164537263440488,0.07511728778164081,-0.7094211963393368,-0.26070996301946003,-0.3835893791158332,-0.29241142848222196,0.3224168083830746,-0.5068971889634695,0.31397020645603174,0.5654270964073288,3.436922346489873,-0.35030100465377034,-0.047578293835354946,0.12370738512451136,-0.18052296043046195,0.7936323182163049,5.834543882246681,0.5366433664471599,-0.3864986349730574,-0.1883955640161784,3.3123780937322964,0.3678628679984377,-0.9088133794956724,0.083674693635858,0.13682534456248358,-0.15750167254294858,-0.5345011013605426,0.3874205391744534,0.7505281158655753,0.5426936710177692,-1.7834445081015635,0.13883393414533093,0.18504791004061205,-0.4559524161038127,0.12565323912430998,0.7905482322032805,1.3359234782704317,-0.036384194279895254,0.7451331187465492,-0.5699939919147903,-0.035341724480892046,-1.3578183897149056,0.12687004144018615,1.1240858413932866,-0.12239888397474738,4.100150805919042,4.043576068977836,0.08548600359644656,0.5500854929707708,0.007676149505928018,-0.27369926654276877,0.015719264031077002,-0.3341875450252919,-0.4483952457445033
-0.18054693241622763,-1.7686034237115387,0.4216475330261387,0.25232055809188264,-2.1501478491105988,0.7883942445734721,-0.2212963891842189,-0.058554181581217904,0.18761131834046813,-0.10740602968990028,0.18994321293876062,0.3336534787251384,0.1140049394116494,0.30199292930619737,0.2640609304067261,-0.962038752261549,4.325663478775823,-0.2829114310445243,0.08477846056195151,0.10184281403674914,0.51633588711452,0.2474853644164433,-0.1497838398624909,-0.1658018890170496,0.2943889818555002,0.6919744824003571,0.4806155604550011,-0.2308080324345939,0.6773318349713178,0.5581285435683341,0.029210994835139174,0.15610845875661183,-0.4391684640097615,0.13809447153740956,0.03455620672873891,-0.21823396019237476,-0.1055839308082122,-0.28329336534367455,2.479200949653939,0.24787313613911993,-0.2100091671246608,0.5894532898741462,0.16126967183912364,1.8011496022157063,0.09581814188304805,-0.23564694309611386,0.34031316408039874,0.09175455993335382,-0.41800634143761395,-1.8613785996373948,0.26530280885387464,-0.013373778760177197,-0.22230605292887995,5.305797593804283,-0.27302623778963825,-0.05688924893314561,3.787145733105985,-0.6341109987644163,-0.1998318092846318,-6.290897878340511,-3.063431480200248,0.11632355532992464,0.19150820912105007,0.5690993317205291,0.1841763398089818,-3.457267627675295,0.41286417402791514,-0.0843644216536711,0.047423010790592114,0.1802245376073331,6.97606710192459,-0.4952041658170421,0.863364733538153,-0.27556235617651514,-0.5915513819350079,3.092244338199434,0.7076031692766918,1.0811590499593215,-0.6535326197916743,-2.373564881257629,1.9506922842499648,-0.1866690915052474,-0.01522985117236427,1.3623501345827709,0.48720258167840685,0.7281378290860572,-0.04705234823093283,-0.21837907843672694,0.19854873861118338,-0.3182701335884633,-0.233446293776588,-0.3335127995311126,-0.25176206837883564,-0.09220204022275652,0.08587320225285328,0.6678492387313913,0.260923215460476,0.3201263285076876,-4.4093372365272385,-0.22657181455116215,0.2840916502814895,-0.2580733394091016,0.1108386111581756,-0.33844225770714426,-0.232796466546564,-0.15798193093267673,0.4478909923737094,3.7620943376191662,-1.3197723015395029,0.8985409487489556,0.099340616845237,-0.2863314996125318,-0.5508989413298555,0.24752761819666655,0.3415775347294037,5.477598040623612,-3.1383969477392273,-0.05362206817253828,-0.5236808709319395,-0.42719270334298637,0.5599149544910673,0.24285358534110613,0.6363244653512318,0.3837777015109713,-0.18353929146875542,-2.1778427969869285,-0.16139037317289753,0.27341540549065707,1.4106443001982185,-7.079559113499591,-0.3318351398644234,-0.3383259469437792,0.22108857311517588,0.11506339659929644,0.6619374399906834,-0.31692019216885314,-0.11723286834438743,-0.14991457742406408,0.269249414983691,-0.90404370870017,1.0222505908556934,-2.215004542359163,-0.20591671493353572,-0.47795969155820267,-0.4144680735439589,-0.32971793321997295,0.24385588503728278,0.254041697016817,-0.35549475656012347,4.905916297369212,0.05939619861841794,-0.32460433771282665,-0.20535824012688483,-0.23758290063222054,0.29337287718233074,0.38907343049476395,-0.34964032242246307,0.07733242174846788,-0.1666133399873129,0.44988302194391644,0.03344584637880364,0.4779683390187886,-0.15625335149544112,0.15918693885081545,0.14262217814857117,0.19436791987552401,0.27044936197034175,0.03935052136635607,5.539459520535318,0.6341180676821919,0.19795022836354528,-0.5511965471842176,-1.113865987141539,-5.440344567763209,0.5692372450288188,0.1613313162232719,0.1930806343692468,0.46578052980651163,0.21188690154182668,-1.201333290104543,0.15682265659392208,-6.218068853057507,0.42213374741309495,0.05949996424193732,0.33860778610878683,0.3550070153930293,0.39031825696203243,0.542162296607623,-0.14488713963759625,0.0645132040264875,-0.1529926768965464,-0.18041213194035688,-0.17398624453795491,-0.10924239923906004,0.5845888226320538,1.8257501919414565,-1.2708034206201166,-0.08633848060063533,-0.27844748685204795,0.33703820020158587
-0.622628262495457,-0.1717013477857543,-0.38508521507943533,0.15281469816991733,0.257058706425852,0.41597746159054566,-0.02243766929393561,-1.8051579240339737,0.3911242980596497,0.7600991792025888,0.8810079327760606,0.8095011085051204,-0.014252284656270998,0.039206871936081585,0.3144364545438836,-0.6801550064299172,-0.14726460618642537,-0.126804237523644,0.03554626317819195,-1.005373354521842,0.4443466071131525,0.3127175268871987,-0.21112094324456884,-0.08284730369337538,-0.06142531077859909,0.5529808423360342,0.8516505128425435,-0.2266578817391966,0.9659487303997147,0.641094992422962,-0.041097837385968304,0.052282517397015796,5.7624800427343486,0.08993501612742975,-0.7686949969591893,1.754992351051079,-0.24698840597970131,0.3180970226569773,-0.13460128200531293,0.25923327033433985,-0.40524519019125105,0.9025268959268107,0.07967786343561889,-1.2122755726022472,0.25322642762824854,-0.79835881067034,-0.2215165299307544,-0.2528156818687833,-0.23648220109076565,-0.11321516316682743,0.4478080388086682,-0.2771326103334961,-0.6726727247311335,-0.8082392173927877,-0.5189079862815612,-0.028593061075743866,-0.07388881715786286,-0.6776746359151219,-0.07411240483116102,0.2715830530904003,1.7131568400609753,0.5032608132315866,0.21808535784312214,0.48349749253906005,0.45645430657913294,0.38624065675730007,-5.250071459132584,-1.1088081073979028,-3.3747604652735608,-0.0536465304271588,-0.26059751886955057,0.24979912527601064,0.6945571207899986,-0.06506512335952025,-0.46423088383976535,-0.34863759190800675,0.6298314188254286,0.24094575475254132,-0.2643381232949714,0.11949259868824422,0.25817775094719486,0.35118078506101713,0.012410065522363225,-0.37504004244000066,0.6916538593105959,0.3646756262950687,0.20986028192910658,5.923301522201109,0.32397996906882415,-0.24144654039903313,-0.4627867565202228,-0.7915181703991886,7.605652279706713,0.9335802065138892,-3.4297702977937212,-0.3838439394855151,-0.24280462830473307,-0.8286873253591815,0.410718240048893,-0.18661247017027063,-0.5627132787123605,0.6929348111303928,0.2508268851075476,-0.35807428134359504,-0.5390950924650039,0.026867634248917863,0.17406024561214026,-0.8775396467490888,-0.21042717889145393,0.5220024017402068,0.47642562472994643,-0.5716587623392576,-0.8415406901153474,-0.07438098724443098,0.3390487647635284,-0.2194309254685383,-0.1644769143900649,0.288448629858442,-0.0730526661386232,-0.1858428238694956,0.46320182415367,-3.642531009368391,0.5683269787450909,0.8425832899651998,-0.620438958843067,0.40377022929629186,-0.3737104180234499,0.9063618817925354,-0.06346179295714488,0.2431069686079085,-0.515333981922911,-0.4527117027432677,0.14122759927414885,0.16791336624115957,0.12148660374375729,-0.9526063081241235,0.13035746498183115,-0.36632807957751684,-0.4678533644982649,-0.22340065547267762,0.6923268878670009,0.0786704200621534,-0.41438731465903433,-0.4652078702873709,-0.42725252855951007,-0.7048566213203786,-4.732997036631601,0.19501205167955743,-0.4282903642863017,-0.4862743120924513,-2.1103402185092137,-0.1781058974524521,-0.14736879563024935,-0.5356821961543288,0.07248843129821955,-6.128917316209257,-0.3636342905474824,-0.10557604265362704,-0.17523074839408587,0.19820004710478928,-0.04565257018239699,0.5058036736870726,-0.15230888885776256,0.08001682730503286,-0.1276010707076125,-4.399471009292964,-0.06087819678237941,0.1268006394749009,-0.7526461442748119,0.21144432817274803,0.24595337609639223,-0.18752586690568665,-0.3741243013436104,0.3265002592529078,-1.8526522511885366,3.9536605161028784,0.2083607453255604,0.5249958624125604,-3.0158143565004027,-0.016832761313319327,0.5756973472558337,0.5752227396433871,0.423201721230318,0.17581422544537295,0.6477797622674114,0.42254086697468207,-0.029184981962489497,-0.26945432875528397,-0.38120986450746136,0.32148802585147107,0.03446123578239188,-0.7804164341484554,-0.42998176684737327,-0.9266666412286328,1.0088617550045376,0.2642077983561364,2.104776135847822,-0.027556683886323416,-0.147408477599939,-0.0860304673048957
0.0847650015239266,-0.19194912932187885,-0.753252887069118,0.5029993216310308,0.3440547108227411,1.1939171784195366,1.8238828662941133,0.891779215047666,0.6318381099415459,-1.2117392872695953,0.4156599002898846,0.5727154003923914,-0.027954132552120675,1.0643665496311157,2.011679000941952,4.0745417742014265,-0.011983281608814584,-0.38303914848179144,0.18019950281536393,0.797412039005496,-3.462373891754801,0.05693531383994449,0.4416630866599121,-0.18179165348553447,-0.1664191837784771,-5.605351733972264,-3.7743570820259325,0.21668562528006988,0.7069706728837623,0.8913471903622489,-0.0952473656226109,-0.22363115098255967,-0.4230137753462336,0.02924740739381528,-1.0776726138587587,-0.06300406776368511,-0.18204829253167387,-0.40475329802379056,-0.17873314226553103,0.2115854439911748,-0.5844764167018907,0.5918026208967413,0.07916093470041102,-0.9236415107983562,-0.019865931931540574,-0.8427759654882078,0.08650915803072162,0.11811702710232418,4.467722436064722,0.1397519275450168,0.42419960539117335,-0.3967962805102779,0.3485232059541241,-0.7385028167914331,-0.21416094493130874,-0.2741038570962138,-0.17363609956951578,-0.4838428391035413,0.4901161680676784,0.4217853740524669,0.3025471340023842,0.5315054064497077,0.2888231473708163,0.6220451201598279,-5.553867975342248,0.025030295105255757,0.6276070035633282,0.1788377605811651,0.37753343843360976,-0.5966971528863146,-0.18636092329222828,0.9891038001435467,-0.43880201787981227,-0.1546436096587326,-0.4797358139319166,-0.28226562671863814,0.42414813906606175,0.48281898775864307,0.7550031346314259,0.867093134417239,-1.3385419844851247,-0.26461717234161,-0.9631567223615531,-0.7757443603211808,0.8134785140625358,0.13367693414225942,-0.0011758209716068006,-0.29190544423761505,0.35212115561827384,0.11057134216714018,-0.3668659172770579,0.7409339319603031,-0.6184613624803413,0.4383967517786619,0.18122468108293538,0.9886663313654207,-0.1917895491713985,0.23441191039083076,0.3124720933786482,-0.8540347028188047,-0.4912826018216723,0.20821874857960476,0.11869020079928572,6.567825761792932,-0.1695396007959312,0.165164378818122,0.6446495683698606,-0.6398202932455775,-0.2068472831366703,-0.7435337244198521,-6.170582781810596,-0.3688404256343814,-0.9564815408136962,-2.902984935877959,0.31706039613747683,-0.2023107697633576,0.29861205522158335,-0.36717058152479237,0.0033503661194073603,-0.4306866019053998,0.4454843824695618,0.14892186073375355,-4.216247083028056,0.6390413778021042,4.295951760468532,0.7430911453673403,-0.28574204305692397,0.49256691551288256,0.2426236600533106,0.27288420269601527,-0.3736943908414225,-0.04937513363288937,0.28149584161235247,0.611525544210904,0.4681985209780874,-0.8124731984467032,-0.1374518628039508,-0.5114807874739852,-1.747129949547432,-0.6446289143325193,-0.19745359817638958,0.27502172775141526,-0.5570678823190133,-0.008155710141709498,-0.2376255672526118,-0.14312939908104969,0.4688633105245611,4.323206736649904,-0.4697822747417695,-0.2863991738720665,0.23184136422409754,1.332200263374528,-4.8711390095018015,7.3458889355277694,0.06411615298236181,0.4977759541068651,-0.23634459544766337,0.022659119036830794,0.40748110759656697,0.14541915069088315,0.025785442630243592,0.6218680241030443,-0.06160624937099502,0.16314608571459313,-0.037001824409457415,-0.040603701116272754,-0.8386582426473116,0.10123904837957282,-0.5619926402709585,0.3211814519470478,-0.2079718460661439,-0.07453125057894695,0.5412056563882631,0.5293266100493501,0.15321237126907053,0.2681222053888989,-0.19601641936282138,0.16300787442821388,0.022655767005858425,0.7620234035386653,0.2057243717053818,0.6617439340660761,0.2935005796437106,-2.6726357054556553,0.6639981090415688,-0.669545633568147,0.162755360727326,-0.04517004369299734,-0.41165314679726067,0.2143863979552611,-0.10146437047961536,-0.7184321625228093,0.017351888072240116,-1.09728146576695,0.858284246262884,-0.8416191821523612,0.0555787456780555,-0.06368908724722565,5.427587480967853,0.4126534621784159
0.30022640179538296,-0.9960148693128693,-1.7692546223060472,-0.16224867681688732,-2.183808470410054,-0.3948155465181671,-1.0325045777398352,-1.4894317941657034,0.2919949896083159
-0.13368848237385172,-0.19870135004638886,-2.873714059350862,-0.3486922014834257,-1.4980842942356403,-1.3396641098481588,-2.450344095564169,-0.43903623473692077,-0.1698450961107282
-1.855090083288045,-2.0764000074112605,-0.6176964342356785,-2.4502849033469105,-0.9880317260275948,-0.5171018921397383,-2.712896612934099,-0.831066355700118,-2.1403425395490383
-0.7803671054565148,-1.1343634956387005,-0.4221770417126894,0.3391010553767391,-2.194166156490684,0.43797779101439627,0.19882945805291027,-0.5430273462189728,-0.9446246286726733
0.3301115868777746,0.6813734065362379,0.608941822415079,0.28656803706820455,0.5191881957440108,-0.35762556098212844,-1.9005848891514046,-0.6411584630064645,-0.5976351936684112
-1.059576941078016,-1.7570859860893218,-1.4988818119526846,-1.1730512424455646,-1.2140819585154703,-3.205210533608012,-1.3082861640465389,-1.5403947431936307,-2.036860699303625
-2.4548621993699524,-0.3472536883510036,-1.5227691381068762,-2.2213402870743466,-2.2590143082321106,-1.1033805679248503,-0.864550244388564,-0.8428181677250528,-2.623293203516368
-1.1058072212539085,-0.5514943795949667,-0.7609073995705408,0.16077851885945663,-0.2921482192101972,-1.4022428004795142,-1.249581909546037,-2.2420266200577927,-1.849637661478487
1.0373929460388518,0.33088532697540446,1.1661673173464855,-5.855326742147496,0.6995916020420705,0.7256614282233714,0.7477671318886826,0.8029867985642252,0.9214501187251442
0.002705697775949257,-0.6202376831469826,-0.7443140208894512,-0.8680524390683515,-0.2269829574933288,-3.2217379500184373,-0.3186493917418698,-1.9218512424606282,-1.6814384438956667
0.9227064743474105,0.08356102707569633,0.30039912056828444,0.35172074669062214,-0.73610588326703,-1.3949040505334107,0.45982186054524526,-1.346039436743188,0.239097857588646
-6.411091984397614,0.08312718499832837,-0.0923203894967967,-0.13064945968156422,-0.8688288151613995,-0.4197745383305414,0.064555074612363,-0.628092069643803,-1.1636188468446802
-0.027956244560832517,-5.659647123816305,-0.8317102483210242,-0.2444023716729314,0.03941622386620654,0.7653163409254947,-0.7919106389807656,-0.4572407460532323,0.32503871344378427
0.6320165523559322,0.28165880438423085,-0.5317628195991565,0.02588534735465024,-0.09013598046205024,-1.3691149591860412,0.05018959888449924,0.30700122617909953,-1.0691373022512494
0.9881824100656378,-0.5864479313865048,0.8774604919954316,0.6451628247974693,0.6435158606962065,-1.7354756625638887,0.7783463333548084,0.3326345363801109,-1.7962609617516698
-1.2751534590402058,-1.5096790937613744,-0.8056879124343169,-1.402111194252606,-3.1757189730367648,-1.3535273198972024,-2.844019355665307,-1.840596199007788,-5.179253368918173
-0.19007647045660805,-0.02884173081007464,-1.6931895220419255,-0.32581584830351656,-1.5556483235792065,-0.32388543851496826,-3.819315997973268,-1.0389113978109814,-1.133319367166878
-0.6535487097074021,-3.915539432969837,0.32543506685455875,-0.8008084840798498,-1.9595964280559466,-0.25061400500393083,0.21139145108291688,0.1348771547823593,-0.31963570980310463
0.11665699086533948,-3.9863131538064462,-0.5421120892303508,0.49014555857157505,0.6406758586249706,0.057052686033280224,0.6509778204024218,1.0929622359475022,0.1679419061408252
-1.2027653781406593,-1.219428691645377,-1.6007256663071237,-0.8608410380435372,-0.7710538734998481,-0.07118302557498703,-0.0549038058429243,-1.8375387697488625,-1.608457331330838
-0.4104778277844849,0.5648103434340231,-0.732914626573896,0.5158930956585361,-0.17668650759517765,-0.7357295556555021,0.05528845780848379,0.4567198030953591,-3.35026586748227
-0.8325400841317051,-1.2199715941568703,-2.425545136364645,-0.22278140102103147,-0.8942148539613648,-2.1151062603172996,-0.5700287655834753,-1.1942253095230253,-0.35631154425552036
0.4681472107135182,0.5177874206503877,-0.6055900158175391,-0.8673338438709232,-0.028850504947871117,-1.9953890666353755,0.05002042956806823,-0.5502742736300169,-1.1821987196937518
0.32437724186587497,0.7514580974019435,0.23229326050146865,-0.03857067179035426,0.010570688032575408,-4.601165034306795,1.0411628582215564,0.8525717870170443,0.8507836413138936
1.412031320651478,0.2973708073028907,-0.33589315146365856,-2.210315784065068,0.29113616294897693,0.5202019815202975,1.2018888856094836,-0.13304107949430782,0.4523090548848127
-0.2893637896216748,-0.42226435821009284,-0.23181421164262894,-0.5530041585403271,0.05670018632790257,-0.2727310133847878,-0.19628422499242487,0.2714065905289906,-5.490716379758034
-0.1817828152792263,-0.40271907631952414,-0.652958756944548,-0.31470867671821295,-0.18904845226334033,0.48592803488491465,-1.2204198351339604,-1.7891235225263098,-3.7321614868166333
-0.7953612636457179,0.03364644110583278,-0.08298800327625372,0.8162593743660117,0.6046997874140742,-4.382446678648277,-0.14061025724844792,-0.5633816322573592,0.008187791803827428
-1.4846382881857865,-3.1761505722066534,-0.8399615833355197,-0.8770040263715365,-3.114849410233688,-1.1842818971658748,-2.2342653838155018,-2.5648784165128995,-1.803410781783715
-0.45899413185682875,-1.7153274093796333,-1.0511336636730084,-2.067140284189017,-1.8512339436447538,-6.078106164097817,-1.0148729087458959,-0.9536477050134784,-1.8571076279272347
-0.9634465623428952,0.5083249545920691,-0.2728482746329473,-0.4515716530118279,0.5761460892605911,-2.9678155405070035,-0.3530063346669267,-0.037286461739627665,-1.260715266957654
0.9825729260945343,-0.4759951216323883,1.326418646517253,-0.12680381434923965,1.238305030527665,-4.681154098743375,1.0149523663933309,0.8243286280090604,0.41248132198220394
0.2756207291755906,0.36726800586361846,-0.16868067352297372,-0.06586446927857383,1.0159052647759237,-0.36502197520893137,0.16592631850343326,-5.619152574885461,-0.0783677895095008
-0.6296703042250608,-3.427963612824539,-0.5907646847492016,-0.20895824512173544,-1.073203386482285,-0.35714982426107583,0.36132464922801605,0.8546667691410262,-0.05790130278101537
-3.3062034395835496,-3.0203280598994153,-2.0125294433027268,-1.1496983335113393,-3.969291218499939,-0.41217772877677816,-2.793145304541927,-1.5422604002381683,-3.1358937075082967
0.8583750275956257,-0.3296662297068865,0.4252863526953563,-0.6796989081088167,-0.13043489933220848,0.8303966465936642,0.5536560033106807,-1.0085438689956416,0.7002445549483726
-1.4048841608948317,0.2959895041963294,0.22962387303742934,0.8318251906634314,0.5162848057054215,-0.6552170432075299,0.7844625579158129,0.454426500928836,0.9009252557436778
-2.229977985046604,-1.8044493185904629,-2.5115666299963006,-1.196685444335365,-1.444904020206174,-0.9044043828954541,-0.44342455873302644,-1.4760221886393967,-1.1494724979982587
-1.090059691882333,1.2621196197424278,0.7236427732263127,0.6872293224077435,0.31149272418931073,0.9115679320460105,-1.5319005890611426,0.863963199861273,0.4240646929212077
0.4239993744137578,0.0793139211304295,0.8513433509029613,-3.840069255869462,0.6251314785122941,-0.5114974436520175,0.3258517672046962,0.6135299165857787,0.4343343673141415
-0.38107919443695354,-1.7265312917666629,-1.5636190246000132,-7.12899337695378,-2.2886969195545803,-2.3391803160657223,-1.6513746714054356,-1.6312809870094473,-2.731585927470295
-0.6669436212355652,0.32317520056438453,-4.985009275980757,-0.4763389529156357,-0.3372238221152249,0.4660698349471645,-0.7351249968513579,0.17334154383112974,-1.1728795205164126
0.34902570924978094,-2.2011856161467165,-0.4249935076509368,-0.15891735213189404,-0.5441790725751472,0.5229287786550774,0.4410901272346319,-0.7394726463451835,0.4676950384537464
-0.07499696488130111,-0.6599518522884588,-1.6878968266715515,-0.06237363556554859,-2.0290408429903755,0.2827788120140687,-2.4458599277443454,-1.9254537434490788,-1.7352168676533017
0.3895309127244845,-1.7500239333164,-1.154643553667187,-2.955990786277883,-0.7734938997737028,-1.1809750213348345,-0.764706622082779,0.08887381934205033,-0.27818132881487523
-0.9164584508632416,-1.7347435861890095,0.5216815153992806,-1.0273852271461306,0.2768308020171052,-0.024171696888100783,0.42817490893941507,-0.5063035582866304,-0.3807945060893052
-0.27325900766843125,-1.5315243285220275,-6.453876036306283,-0.08496966825077268,-0.8077098800360382,0.6130719489615348,-0.015825713372192754,-0.6152033221752452,-0.2708006101524864
1.2803199665417009,0.5234484784500741,-4.38177012481437,0.7799335997082171,0.006399728090516146,-0.08802332308843624,0.7673002290340079,1.0069222948923808,0.8908583955001759
-1.8971614794749132,0.21674840403669768,0.5918519838566223,-0.02076932597738471,0.06683599023705293,0.8241301752726505,0.36701830706621696,-0.2505938607398417,-4.002897743332235
-0.35464757823113335,0.05584571265022608,-0.005546396073505738,0.14589083297640223,0.2649984002813322,-1.9765602160116187,-1.697209659219157,0.48854880717861576,0.4802001297902191
0.22951031169574843,-3.554998158758531,-0.3630178665267736,-1.1401792929802477,-1.473882627736782,-0.7908986988867699,-0.22883299794394127,0.14624801531473097,-0.8209500642221511
-6.227007127338866,0.6717247362426857,0.7295913895806302,-0.2958492124677015,0.906135206112818,0.2846098551953329,0.29886423280435337,0.48136304245737116,0.1795756213859431
0.41936020400644414,-0.441367607412706,0.5064106915883285,0.060562813992457665,-0.7375951650711047,-1.298043069106618,-0.5460900378899521,-0.9957812751091589,0.06838616119840776
-1.158925181755568,-0.9913051166602435,-1.064512401462801,-2.236373576895371,-2.1945580723536815,-1.8779714108342924,-5.956194582320273,-1.3078360989126283,-2.6905245512893896
1.022592651947798,-0.09041467171324583,0.5025033115811728,-0.5881149126638903,0.9437899869724604,-3.232806699799229,0.6322979008010665,0.3498844381848389,0.8260000039019681
0.01246841149624365,-0.2529408034826618,0.14953620676737975,0.9453187779937117,0.598846690053087,0.4375496312289188,0.6953564104814663,0.8661070911074282,0.4633529773767135
-0.8033249497122709,-0.7584489298835285,-0.988571379412701,-1.3567558392139043,-1.4059821613198848,-0.762670279705359,-3.88028347719404,-0.09625254194996766,-0.6817925993590495
0.9900018145728693,0.8789343862792445,-3.821201682218469,0.2688926241636142,0.08025503475126841,1.0049409563641827,0.877630423831069,1.0300260123088352,1.2141720173493251
-1.5738347010631877,-2.260882445911897,-1.4967143703388768,-2.424858464753692,-3.7696539402165388,-1.4215109765419953,-1.2176848149630533,-0.8429750744990795,-1.9391885434070235
0.017813241123838565,-0.2785909143273522,1.139737350759281,-0.3319492180399376,0.39856859945594314,0.20989501625901402,-5.792491343537042,-0.015995608080432665,0.17599492475565187
-0.752095876551504,-0.3022691422460153,-0.35777675445071133,0.3762046120071299,-0.9024119506480592,0.10065976235116025,-3.435521570096822,-1.81636231120593,-0.7295442037434264
-0.35327738159544636,-1.73125065565645,-5.434155779319224,-0.6896598438255946,-1.8781821355643242,-0.7253717391334054,-0.8296106063258808,-1.1374602982792286,-1.2923987371552865
0.7047617483905602,0.5726469243315737,-0.8623821894073784,-1.0928630945034798,-4.865031686661787,-0.5132364558059109,-0.9459591535808206,0.7021516351444538,-0.13027062230796066
-1.0372934905885196,-0.05821823766824911,-1.5259421498634553,-1.2972706962862957,-0.18691131603683567,-0.39100939545998614,-0.13200787693819108,0.30682012728670416,-0.1243949245542623
-1.471160125725094,-0.9370652488561271,-0.0565686724721489,-0.8811968489107578,-1.746539595015549,-0.8088482262311169,-0.42496315389967454,-1.2529910703050842,-5.507561041573304
-0.8505774076036648,-0.45735481887202234,-2.4405326483968683,-2.177551626996486,-2.8676110855757226,-1.4143498571917568,-4.47122903482155,-1.789674957036696,-1.6987843652292178
-0.07141542253395836,0.3739118180527905,0.7245979195563067,-0.26063068077990775,0.7981767926421195,0.16268833771996005,-0.45078083746627384,-5.1373794600435945,-0.06526645266941426
-0.6594870019846866,0.6179661743999397,-1.1536277680428286,-0.02359690500047428,-0.3119234721531001,0.5820028925732901,0.2877422645452735,-1.312681093924993,0.13825948777617453
0.12002582424351922,-0.6813070255800574,0.3668999321980566,0.8794511563525732,-0.9549996063200498,-0.44733693156285065,0.33689506663844476,-3.160985654074386,-0.9582958264026253
-1.559442175938899,-0.21943112923197028,-1.7448220290976726,-1.2450915398329232,-0.8253158402971852,-1.126704295987298,-1.41147769346227,-0.018069705634250845,-1.4093758207764089
-0.1409978810747871,0.17994993504869627,-0.39040620782164914,-0.12262720564242084,-0.5022925889010926,-0.4361591978486349,-6.483615466414702,0.3107234294110788,-0.35437095690116677
-2.4467914811502993,-1.2949194987961568,-0.3661981789021278,-2.0302392049919926,-3.536197836826243,-2.0456435918938083,-1.0880386574432779,-1.2747615784173054,-2.581165403121577
-3.3605938165497053,-2.1225015636943065,-1.6727752200714792,-2.7615880255027143,-2.3868922376464625,-1.8618651023976074,-2.239703895821031,-1.8585144456031497,-1.6670394661377486
-2.404070438890134,-1.1981644725484666,0.24491095523335063,0.5529383108267117,0.6309639513007848,-0.8892787946107582,0.5269169308181061,0.5243553661365725,0.7268039716807047
0.769085649055402,1.1014829222500908,1.3672680374781303,0.8863482146048925,-3.161278314900278,-0.19837732330568233,0.9508669852111421,0.912709888696629,0.4309655554538232
0.10458415720404715,0.5227565000967591,-0.4273841094847935,-1.515057645657801,0.04646936385591929,-1.1231231093255962,-2.8926061658187705,0.4724368795630144,-0.4402149871769082
-2.3031764757895026,-2.4634070315474625,-2.58845934048155,-1.2175550399547563,-6.613385630086776,-1.211646524383526,-2.9447140338121813,-0.9043805530457109,-3.2209212509151977
-1.0758581378291319,-1.8839480587059476,-1.2460904734351823,-1.628597239851993,-1.620563886658362,0.0105031192839509,-1.9492803777120338,-0.016052938711462794,-0.17149090297393504
-3.273299845282455,-1.7464964660128954,-0.8945548155586635,-0.16372294993692202,-2.5714877119936963,-0.3880461417583219,-1.91847144404418,-0.7327182397005906,-2.507193377795437
-2.6989234287063093,-1.5649589211901318,-2.003649211832758,-1.8454013088202723,-2.6963266659884093,-2.1290445775392186,-3.896482379525484,-1.953515498459946,-2.8707955150780915
-2.1509150999716997,-1.9304796243680817,-1.6281447777561444,-2.497760843839094,-2.1609028066146476,-2.1237849157756794,-3.777383936131462,-1.5011103003028956,-3.0594722419235296
-1.4139082608524924,-0.11705559929026318,-0.21332209236982985,-4.135448383606631,-1.0184634748657124,-0.1069627619248403,-0.4767421418215581,-1.2766588717966874,-0.7526710849522059
-1.3856785028018217,0.6142368513783789,0.3903021856657101,0.515191611544559,-0.30775578177620305,-1.240908794077618,-0.2027221311025327,0.3825442108860657,-0.8508600467993347
-0.37733015296322225,-0.11544076943212558,-0.406348388992578,0.5275945141575321,0.8996309389831699,0.8527724652126031,-0.8862857565389743,-0.1048378675375545,-0.34098616696715645
-0.3930944616510759,-0.8542616807527081,-0.5562778068820932,-6.6105421916244085,-0.36372838568808447,-0.23356738152459902,-0.313212866887209,-0.8183529445557721,-0.8672150936213506
0.5182624727257147,-3.884847232771355,-0.2789441343798235,-0.27354768825250525,-0.5426543930521535,0.7555081859780639,-0.4064236045312867,-0.22382801618285156,-1.1955466861250272
-0.9953544856936173,0.4357212518609839,-1.6296218386683816,0.5387873751584128,-0.6002142379231326,-0.9374189977651843,0.10693321812320128,0.6895442492414275,0.9950841900249986
-0.39623254896736226,-1.083118561809737,-0.4905087812696921,-0.13808093037934216,-0.7357606868650838,0.2838034980718173,-0.4752904104385599,-6.019586151072037,0.003751874301657335
0.06941994675030574,-0.12637277841884414,-4.610913376087971,-0.8952367264787311,0.44676234261989467,-0.9482985042384343,-0.5493697933201231,-1.248403957161721,-0.38569775034621806
-1.158475754855785,-0.6813930760191197,-0.5501060840146212,-1.3055823953957704,-0.9902098551905273,-1.6395358901639752,0.22264084471094248,-0.03355401469254517,0.08676118122571247
0.6300172889385539,-4.061290612669115,-0.26121309505346907,-0.04084339143067221,-0.3755306768628462,-0.6220417150882094,-0.7304334577496374,0.35855843327537784,-0.6856161572911363
-2.412026745991737,-1.724919715220805,-0.5783855355815286,-0.49872348500362945,-2.506401522687795,-1.4401358607764951,-1.6752104750246068,-2.048312235872188,-0.9167591424383343
-0.4288433601515465,-0.03899458347422914,0.06176585928040893,-0.7950982737139017,-0.5181372528174054,0.22429512967858797,-0.6605280844438125,-7.7097930030308675,-1.0273687031031682
0.11307189383492833,0.7426036877787159,0.7991683714706638,0.7363368813368996,-1.8270352699629704,0.556088302783871,0.26711872577784235,-1.2442567541141676,0.6029761490125981
0.14737861604511834,-0.05283490547157257,0.6787193399006086,1.130357196905294,-0.6042779233777308,0.7157003954419601,0.9012484735016891,-2.358922699374735,0.5595600756361494
-1.556337321978223,-0.6047170286294077,0.456219711164827,-0.16532642100632416,0.041327468260770155,0.29154202361873427,-0.5709791702100263,-0.21755661295544476,-1.2326408874387973
0.3649485611069151,-2.6362960070097614,0.5368976063168139,0.9457138243908175,0.47453357261450924,0.1293990875246438,0.49545129511091063,0.7246424665480533,-0.1791303607985758
0.09163756694221127,0.5887955868535398,0.49217087990938546,-0.6966176267128876,-1.0462186863752223,-0.24912841354095755,0.2174056027202258,-0.6307045090832495,0.4164602246735888
-0.4398777459808869,-0.17267034768477998,-0.05791148302587077,0.9194798827405088,0.61530277582764,0.5210897696005059,-4.047139592129142,0.9391886159230738,0.8623815819386612
-0.45828984288779046,-2.5589858616244197,-1.6725854082599223,-1.597327274514061,-0.8248745460864235,-1.175991261467105,-1.556590275920358,-1.1590816664156778,-1.2279262832304678
-0.6699206028934162,-0.33667825492924364,-1.447898542196531,-3.466273652702664,0.13456333769054732,-0.21808589723271307,-0.012745087912419316,0.2882021939380932,-0.7350526114703997
-0.5754716505382785,0.5232313203187705,-1.4521609484881697,-0.47811411715788865,-1.0638019174234796,-0.4412489617457616,-0.037315025059339375,-0.14860673643524996,-0.08453227188479108
0.7382643138131858,-0.0008760675342143367,-0.6991231136255169,0.8082586006941032,-0.13584149853191524,-5.046646596777724,-1.235515951206674,0.3225381971173015,0.7593822042759012
0.5479379699027856,-0.18353137764419675,-1.0493763637679525,-1.1079311800637355,-0.34377803000263346,0.3712303032705044,-0.096076471347982,-1.541663148980152,-6.307852401921395
0.2833088859176851,-6.168467239390182,0.40577743598346727,0.28166713872030064,0.8198049450909136,0.13864402421836816,0.5899442865428395,-0.7879126008901769,0.8329466074171663
-0.8074314815938392,-2.1724918922959793,-0.06473679565577292,-0.9634915122372418,0.5459174517226099,0.5876472963650837,-0.0800225002673093,-0.5043416240580061,0.592645610065457
0.5068049685193002,-0.16549235888414754,-1.2512943829469307,0.6542531245008838,-1.7480679626984506,0.7972632396767165,0.5157873339077352,0.2154175330536564,-0.9688297028998513
-1.5692719869686764,-0.2333578971372066,-1.543316041532586,-1.9266258326677868,-1.0782464330891115,-0.2850834655657234,-4.495795749753359,-2.2422282672467957,-1.2605997371872382
-0.19542924708230716,-1.0795122794504335,-1.7158687344409675,-0.7821518598982405,-1.6321109301639247,-1.7037090927174534,-2.077359847118842,-1.2436812930295502,-0.6735849418924433
-1.2605491224214538,-0.882854960349977,-3.561168574752932,-1.2318119951113902,-2.4665342594469477,-0.6856200187937385,-2.309248351570547,-1.3071728373645612,-2.438669160055339
0.5731950182096947,0.4653914112521285,0.35471582236162247,0.041319556806893525,-1.49246120513853,-0.22394668464928602,-0.3065957841255348,-0.4323048956827267,-5.7338800861994415
-7.0968733704181375,0.26782494785033034,-0.7870309748657632,0.9090079427078395,0.522704995908921,0.9663852324033313,-0.6467870484226467,-0.9379402766207762,0.6958768550413699
-1.0501491939977303,0.4169415519315899,-8.854570098946978,-0.9542475941396107,-0.03923860430619698,-0.37775337143283894,-0.5434313404233966,-0.9853495989834352,-1.589288632813979
1.2444875766801329,-0.5164665367631673,-0.08424930421583321,0.37565190647214375,-0.5086114088621548,0.5234688490301512,0.6882812368937546,0.11305929007410928,-2.446105806175883
-1.280604489886399,-0.9122892262683111,-2.161117534943904,-1.6586268213249782,-3.414130798599819,-0.0733934671041461,-2.33836206892389,-1.5229578099040066,-1.5716467036466049
0.7545160338078917,-0.24029105871253248,0.6092973658316154,0.8159254417538928,0.6218988234911935,0.7317910984249576,-4.989501736790815,-0.04177385128007801,0.7684086189253881
-0.05056239271927546,-0.35357060904735027,-1.3202890682788722,-0.553676674870335,0.14251848084663699,0.7233104787749709,-2.9139196866784753,0.08222967292234537,0.19489042854609545
-1.3143529186895169,0.8631644682781494,0.742037402056499,-0.5385872925447452,1.219663740218024,0.8912995627126903,0.7537190599410306,-0.8735077113666545,0.46124815600057206
-0.2371371833822383,-1.156560219068642,-1.4406858979228128,-3.620104410126785,-0.842719838047786,0.06550224684344591,-1.877579631997492,-0.5413611771231013,-0.7705556726850955
-4.929906892896569,-1.637244622591577,-1.5706244403936473,-2.139153254196247,-1.084397856680525,-1.8233342485294606,-1.6790843593283524,-0.7168191270505772,-2.314102262598968
-0.12907692919405642,-2.1454784755710095,0.022596076888692047,-0.08679656371075509,-0.1160713383710226,0.9667966471458543,0.07963606137678544,0.8170633578517207,0.6337426718831422
0.5479977531705643,-0.045136578941292055,-0.1434925747585033,0.698004748317473,-0.6332456870616002,-0.5695908200287583,0.795267239239305,-3.1499714717555642,0.6285202824985373
-1.0944862498176815,-1.6280713928743196,-0.4672919513191567,-0.713097840827221,-1.9248528127640279,-2.0932137713173273,-1.368288567710695,-1.6202709422892425,-5.494278508377064
-0.10451547410681084,0.8018571329374282,-0.5323197216260589,-6.854838065729949,-0.07474678719147275,-0.23087485168894786,-0.5231307730991323,-0.9375594430953775,-1.2281003568759803
-1.0860716008836047,-0.6917004154401455,-1.7379815822807358,-0.07033626072178331,-0.4280006533106881,-0.6583994043011064,-1.5494451621326373,-0.9946250410214926,-4.313122995954134
-1.2495368827443933,-0.9104349365526785,-0.7206067351692657,-1.1375755410672435,-0.7419314192989123,-0.11044292851570219,-2.8854807638781215,-0.7783224573976562,-2.1054612742543126
0.7410504728265167,0.3296093826250331,-0.31730729941958974,-4.309562820416729,-0.29681081843143,0.14511530618805013,0.61746338341733,0.17861200240152353,0.5405236417312045
-1.960258875898934,0.7328217834411388,-0.4740269124152305,0.4636487872528589,-1.0377139295951665,-3.8251541175392183,0.06701237885728886,-1.5659636132154033,-0.7939563367967541
-1.9377932962292441,-2.5079162767279493,-1.0113946593733694,-1.133241266308891,-1.723458142901981,-0.4734044773400635,-2.6271041889765114,-1.0849329956441027,-1.505091619839283
-0.48797471057422265,-1.1471130381423396,-1.6537687922291375,-2.1122833757987367,-2.543195720736178,-0.18009695188486502,-6.793390851774046,-0.4883380085509558,-1.2801276639013286
-1.1455388365476864,0.32017000195218226,0.37659191910118683,-0.9989284983195982,-6.305743685904645,0.1976697198566085,-0.3412291198698089,-0.5733487193378818,0.21082884930602783
-2.0963816542091256,0.5597952516211008,-0.13810985289333763,-4.852537656232761,0.13902387041895004,-0.6983435130790572,-1.3783198186460417,0.38318286320250317,-0.38013401823134657
0.08367817805303403,-0.9484433578712909,-0.22599515059101016,-4.088678347939967,-1.70399338289004,-0.5284817325241781,-0.13472160452694265,-0.3217779266190128,-0.7491352684757907
-3.995829086663599,-1.413793216249911,-1.1280669855672203,-0.17341484425107773,-0.38648450318563415,-0.7630463841925919,0.5896606329899755,-0.6215400295726627,-0.6021482765519297
0.0452777231681263,-0.33992892265291536,-2.164807177125238,-0.7321873375698795,-0.6109608443724631,-1.3179110659866369,-0.43758579127323155,0.10041970853777037,-0.24801816068199928
-1.6445606806691715,-0.7110066711984833,-2.0225013180062943,-1.0687937737233253,-0.9192697674109891,-1.3290773526350461,-0.9354798729037043,-0.6965400896551401,-1.1322690123970707
-4.1496643813800675,-1.8359004767332994,-2.1274415386918144,-2.5163334771432346,-1.926693401653488,-0.5502799750878932,-1.8251662980783045,-1.447178788947764,-1.3086792577904587
-0.7042450110981959,-2.3114518273018323,-0.07490915714685506,0.4177646430082092,-1.3054398885034673,0.7633880342308696,-1.0205786867723714,-1.1881025066327349,0.09920505584520133
-1.3254347684982648,-1.9442720054655853,-2.145643843591796,-0.7023301978209792,-2.8288404810634407,-1.2459018048381192,-0.5098633118825342,-1.6260386815817056,-3.358426756815672
-0.5740021950074365,-0.6630990117233696,-0.40441695632276004,0.554556461657163,-3.4877280138775717,0.20333942915056383,-1.9913075822114723,-0.21210168428994833,-0.6157005584509809
-1.2271105492211856,-1.505416458432386,-1.3094633379510925,-0.4291197116324921,-1.2325940088002316,-0.6187956823162094,-1.9781977316229875,-1.4385240044081453,-0.38478294859164813
0.6528488048024542,0.23236806170437965,-0.25562009536949276,0.3759106949074334,-1.6943578360929323,-0.020911698320349965,-2.2711954837962245,0.22391373384035027,0.38449318293481916
-0.625400508552984,-0.6386988206762845,-2.177112185227208,-1.5645719062080687,-8.374903986868109,-0.27290390999796826,-0.9256607588110582,0.03404751978456067,-2.707005265022654
-3.5155982543600395,-1.8921563927382246,-1.9484206293440007,-1.1666811731113813,-1.808288496143715,-2.190243751588789,-1.5943720109918647,-2.0106258518859113,-1.336301739065731
0.18045082280579272,-0.37077866891039457,1.1354641742589802,-2.4810282955516265,0.3305361774426685,0.7402548931867267,0.9317444854693827,0.420603279430178,1.0041046898512853
-0.5132350913514658,-0.8191019847334569,-0.4138820160493915,-3.2716214160042667,-0.3798069100699801,0.5920820184760505,-0.5205866650800354,-0.2847252592801918,0.33813831411758744
-0.04546360816560647,-1.1711774555174317,-0.3012175340914497,-1.5479181478140391,-0.8554153956412475,-0.10100972074528865,-1.802784765852205,-5.019087053649488,-1.215730250622877
0.24367693841493612,-0.4659719621982817,0.3814790460677698,-0.6021458338393275,0.585578278298812,0.5236031854848674,0.7149221778712933,0.5783767963146738,-3.948582112321268
-4.992975816314039,0.228657153534928,0.8519427747664564,-0.16620884206863026,-0.8032817828496843,0.667783478031658,0.02799246411986234,0.1578270520960305,0.5766266569450308
-1.254386111599298,0.3069205935751866,-0.5305925242001078,0.11500762870477245,0.0792224665796749,-0.8813683301125081,-4.765719955671144,-0.85673466880018,-0.18117705242832308
-0.8755758978081016,-0.8521911016804332,-0.23787644786026468,-0.0029634657932076187,-2.6154051280293555,-1.0215937565597812,-0.8410809510276545,-2.7325075239507743,-0.6747866304926774
-1.640780663631968,-1.422992273390713,-2.3011029778916936,-2.1993464196510013,-2.1750332721748413,-0.41144797123095733,-1.9136851055791313,-0.9918695726017324,-2.848833028887096
-0.5530750856435288,-1.3014961245877072,-1.5703609700524006,-0.8387724738519422,-0.8796741499961683,0.14632359406579143,-1.5811593242448752,0.016916094285864828,-4.859732294409633
1.0598566746722862,0.8546872156071983,0.7509995211601851,0.8742704045547168,1.0224447988116714,0.5871287806802686,0.8035371200014347,0.9167146586692632,-6.587304663126341
0.8906242780933085,0.16155519436035573,-4.526383180921783,0.8522197161583308,0.4788876039513299,0.6492504408910742,0.011985308611517151,-0.20418816162193967,1.0020190373993973
-0.1721192298325477,-0.05370618456055185,-0.7707010754676481,0.21379521347619404,0.2544009382111748,-0.15361616814405024,0.006632486019888778,-6.194897681272902,0.5715244697765012
0.29761241891297247,-0.40491640594355377,-2.037134727230015,-0.04222731943266328,-1.0249641133177245,-3.4663082457495142,-0.027399357947583934,0.1769061726266656,-0.015745849750735067
-0.03028917376990169,0.32261594704450813,0.6737764289707554,-0.16441834184974005,-2.656679201870245,0.06860402330092426,-0.024239096728342364,1.3198754603401244,0.7943568361740504
-0.14177407864095803,-0.9915772338029268,-3.104687192291775,-0.4809287437922522,-2.681370797869033,-0.9700245764504783,-0.8170483585410248,-1.800211719183482,-1.1624917094809828
-0.7556867276158026,-0.6926091498610658,-1.3345540614942482,-1.8509278701709324,-3.78668420538956,0.5081539275844943,-0.6122164421384577,0.5852146439381851,-0.3313880445228233
-4.406388556162313,0.3861731846572493,0.7220402632975175,0.3596271639487086,0.3067018775938144,-0.7676023073252763,0.6047720454912254,0.7396329891242597,-0.09923260882299673
0.5669705793407307,-5.9032646623663725,0.8997805295354351,0.6193517273608418,0.849495818531687,-0.4338397300276371,-0.31940995813319656,0.7498557419824796,-0.0993702914747876
0.4991170317084098,-0.0016007469186341404,1.0647495627723595,-0.1873159575411975,-0.054930848536265724,-5.5259028169267665,0.41303335103910394,0.16857279034306327,0.37749075244828273
-0.7710568099643554,-0.3327227462768197,-2.853688563078957,0.34802202949233335,0.5095761140801055,-0.22190774015859774,0.8029628952134035,0.621053103322049,-0.4754642234038926
0.10638473756578881,0.7075194063627994,0.48766259294680137,0.30073544837618793,-4.4368910538491075,0.14388670286163302,0.47573127638639695,-0.4313397236819442,0.8375673779618539
1.134992937991895,1.0070054812318845,1.0067359720016775,-0.47649291305897373,1.2859303306824488,1.0931660664115832,0.7173288038004243,-3.340410079057735,0.2707868501256622
0.8530703573268545,0.2155951828057922,-0.33557445262413516,0.3505193226116384,0.2905884790544082,-2.8559305687042817,-0.4314635257328602,0.007541275963883641,-1.0397016119621898
-0.4492621061019759,-0.1579733476559082,-0.4040458046629912,-0.7083581980634694,-0.11183823030836297,-0.2396199017985483,0.6639681110038842,0.5560334656200016,0.4010648636806532
0.6129248212013454,-0.44174957595043424,0.06489831206447992,-0.32968943401552137,-0.1690762820890615,0.741369759947559,-5.158749433976859,-0.32394975571334844,0.25513662836457773
-1.3493943354145133,-0.011722417524618325,-1.3210888520672632,-1.9058099723842583,-1.835870254855948,-0.9877832648950736,-0.5655024940988078,0.36065038729689225,-0.029364089869121698
-1.80560270537209,-0.0550299057188691,-0.5837575148891883,-0.3695454725927475,-2.1915306996060617,-0.6030805369438575,-0.9587557800707526,-0.2696402499667047,-0.7181594485895876
-0.41537586071594057,-0.5243015465185077,-1.7538751089365625,-1.7675274089604587,-2.785963108901816,-0.7209628352622713,-1.6129673140881051,-0.1358485316797794,-0.4267024560722556
-1.320025868197739,-0.24004677999822724,-0.044279789619986694,-0.9131314294482128,-2.073513522792946,-0.7819720370861347,-1.462458030925576,-0.656365558333566,-1.3132509835802832
-1.057551461005498,-2.374516384038532,-2.2839476132296075,-1.5275156616587828,-1.5743810156417715,-1.6485031489160287,-6.1541812594806,-1.394525937074184,-2.668804152192662
-0.0875104155614853,-0.7659816691268846,-0.23140426635986577,0.349603060429817,0.049907637160048125,0.020711622113187146,-0.1220179068782628,-1.759832632003025,0.8320087401864177
-0.9960598221082596,0.5314934759428903,-0.47736197314289036,0.9493360524096848,0.7184622052976866,-0.5013216019266603,0.5049200461617258,-3.340055011549348,0.25982667180906677
-0.30230316254836276,-0.9599274981159024,0.0040206184423478,0.6498384867422132,-0.516226865935963,-1.5639874875202129,0.4734653366764268,-0.0772342494394493,-0.4511048567079291
-4.9509471171192905,-1.0548067318907624,-0.9576877100970126,-0.8957882428528096,-0.21688870514122063,-0.6770789331237536,-0.4687178910121216,0.7001000933125032,-0.4504891877257631
0.5067068339968642,0.42032985000655465,0.359671067306564,-1.2618226683455105,-0.7119427587918948,-1.0357118003431818,0.12396461109825381,-3.0395231316923987,-0.9666454674739081
0.13578873322237422,-1.6640710585889016,0.4366125290116656,-1.1036236635438372,-0.5923683140405024,0.12028865362756247,-1.1606841700487556,0.2137497358402871,-1.731236278617685
0.865261493762148,-0.4870234450587997,0.6028735119805162,0.589095422322856,-3.1566770318882407,-0.008888340587365774,-0.3722296542910718,-0.46242701504350325,0.44931642433050173
0.2936273408272198,0.5929053407483071,0.18719618981126301,-0.21675455335402116,0.24563718858741046,-0.7537957021488993,-5.805027941999533,-0.4668671669620239,-0.6735237383791247
-0.45753040716230686,-1.2726715297798668,-0.39643163846513974,0.07922374936318176,-0.15596410164313373,-1.074889719135625,0.042221716507680765,0.5656232247291689,0.6273317980525127
0.18989188658306638,0.2080265848255435,0.7051596006500644,0.07334514599768631,1.200159400399008,-0.11537934011757425,-0.39608203812137005,0.30867628871338626,-2.012006148544024
-0.8684639770806333,-4.714717362667598,0.2966798944092668,-0.122822724414199,-0.7330987572653338,-1.264188602503537,-0.6017082585295882,-1.5893435215112064,-1.0221707175119437
0.06955777993706828,0.7021668726438023,-0.48240349493592677,0.7305606866987475,0.6233211997492702,-0.45456852723676483,0.8786792789230913,0.41563852696672676,-0.7023523239498471
0.2965710853359153,0.7881913603255919,-1.9207250684546175,0.37026454318270724,0.6752253701754483,-0.24305402008818824,-1.2234653618296933,-0.9526260825771847,0.15568270789832553
-1.149781059039256,-1.5014855640441294,-0.27353639409307506,-1.4677330151922532,-1.6102193392910433,-1.8986426989935654,-0.6058754880309862,-0.7518625911904842,-0.06167191054215256
-2.1359504489067196,-0.6756637703610827,-0.5981705707946205,-0.0603190331750564,-1.798644311099536,0.2669757630612866,0.38554389431236136,0.13992356742811932,-0.8052789443542421
0.16740755071818653,-0.39934833709532536,0.6027579693074318,0.04590427628344764,-4.22352299161051,-1.0429734959707186,0.83046779467304,0.02836603712270198,0.12103133011898302
-1.182866779062942,-0.05673135728734747,-0.3696611046422332,-3.1467787046711297,-0.16120292448638418,0.6881228519987709,-1.4104609519856819,0.07117703666291468,0.3682733136432221
-1.8554433695755141,0.09652419592116661,-0.8176459432213526,-0.9756923895181389,-0.030527737883902967,-4.243871808464695,-0.293564072736172,-0.3328082491939581,-1.462375940261308
-1.7707183053746711,0.3938346893065875,-0.4714229292585336,-0.3634075435098726,-0.2995959727236765,-3.8819191832243654,-0.5828974568137993,0.25147002232583165,0.6332744317131919
-2.279406841367943,-0.7208968145186498,-1.031341228540848,-1.065788525663539,-1.4127574891301038,-0.7298699020658895,-0.37243798490932806,-2.169520810385329,-2.1322983285169967
-0.24773286492267088,-0.8453103905451175,-0.26247922277661384,0.5427936667463498,-8.948251096695346,0.12487394615446282,0.25902243241694767,-0.3908682944405074,-0.02562065020142767
0.5089672585065149,-0.28623254068362325,-0.09275786292391068,0.09781734347154253,-0.5772234714607676,0.4145191121950998,-1.420142188031645,-0.23036866967928432,-0.8932669504448608
-1.1439538710583046,-0.22072506474730633,-0.68988550113193,-1.2964095483826326,-0.5905074463751809,-0.9410484270323342,-1.8787632424113652,-2.8635399077790806,-1.1819931108578539
-0.3794602034570153,-0.7049883371634154,-3.564598616518227,0.29287374090793855,1.0409957815467572,-0.24480211152474335,0.401164154148556,1.0006275030718284,0.8291946541171336
-1.1845840918628054,-0.553598481596533,-0.9165612648301105,0.40009556017318704,-0.3124019726120665,-1.1879790034460271,-0.817673567133696,0.1905830570311911,-5.2715792710043425
-1.0194206682457103,-0.6761253292659372,-0.8250314526156567,-1.9936053400137612,-0.6004253135722422,-0.8503299506601053,-1.4765125190127288,-0.5523347531481927,-0.6903371459561076
